"ID","CORREO","NOMBRE","ROL"
361,"roomleader@everyma1l.net","Walter Kinney","CLIENTE"
362,"cbarr@somema1l.org","Dennis Sawyer","CLIENTE"
363,"jwalter@yah00.co.uk","Nicholas Blake","CLIENTE"
364,"dfowler@gma1l.biz","Evelyn Puckett","CLIENTE"
365,"shoover@yah00.co.uk","Timothy Olsen","CLIENTE"
366,"bmccullough@gma1l.com","Heather Vincent","CLIENTE"
367,"crashwindow@everyma1l.org","Erica Mays","CLIENTE"
368,"dotext@everyma1l.net","Phillip Morrow","CLIENTE"
369,"wesuspense@gma1l.net","Jeffery Moon","CLIENTE"
370,"webor maybe@ma1lbox.com","Molly Fleming","CLIENTE"
371,"vball57@b1zmail.com","Ellen Benjamin","CLIENTE"
372,"mlogan69@ma1lbox.com","Lloyd Mathis","CLIENTE"
373,"vglenn61@somema1l.com","Tamara McCarthy","CLIENTE"
374,"dchen@ma1l2u.biz","Haley McGuire","CLIENTE"
375,"itwill@b1zmail.com","Marlene Burke","CLIENTE"
376,"mpeck@hotma1l.com","Dean Lamb","CLIENTE"
377,"djoseph@hotma1l.net","Samuel Pierce","CLIENTE"
378,"dieddad@everyma1l.biz","Beth Christensen","CLIENTE"
379,"lostinterest@hotma1l.us","Mike Bean","CLIENTE"
380,"manfound@somema1l.net","Sherri Contreras","CLIENTE"
381,"cjoseph@ma1l2u.org","Gary Knapp","CLIENTE"
382,"hatchto@somema1l.com","Christoph Cannon","CLIENTE"
383,"othersball@yah00.com","Kim McIntyre","CLIENTE"
384,"websuspense@ma1l2u.org","Dustin Butler","CLIENTE"
385,"visionstext54@ma1lbox.com","Molly Pena","CLIENTE"
386,"plowe3@somema1l.biz","Annette Wright","CLIENTE"
387,"rbean@gma1l.co.uk","Kristy West","CLIENTE"
388,"rwheeler@hotma1l.org","Leah Ochoa","CLIENTE"
389,"whiteheadphones@everyma1l.org","Andy Nunez","CLIENTE"
390,"sgood@ma1l2u.org","Darren Wyatt","CLIENTE"
391,"mowens@hotma1l.co.uk","Danny Thompson","CLIENTE"
392,"booksuntil@ma1lbox.net","Kris Winters","CLIENTE"
393,"gkemp@hotma1l.us","Clint Ruiz","CLIENTE"
394,"aboutwhat@ma1lbox.com","Lois Beck","CLIENTE"
395,"keysto@somema1l.us","Chastity Elliott","CLIENTE"
396,"illabout@ma1lbox.us","James White","CLIENTE"
397,"sidekickweb@somema1l.org","Ronda Obrien","CLIENTE"
398,"toits23@everyma1l.com","Susan Hinton","CLIENTE"
399,"outthey@ma1l2u.com","Wanda Dickinson","CLIENTE"
400,"dlynn@ma1lbox.net","Grace Carver","CLIENTE"
401,"sabbott1@hotma1l.us","Jamie Fischer","CLIENTE"
402,"rholman71@hotma1l.us","Paige Preston","CLIENTE"
403,"pullopen@everyma1l.org","Kevin Irwin","CLIENTE"
404,"eyork@hotma1l.biz","Brent Russo","CLIENTE"
405,"whoball16@hotma1l.org","Charlotte Wilder","CLIENTE"
406,"worldship39@somema1l.net","Shirley Hatfield","CLIENTE"
407,"ksnow3@ma1lbox.com","Amy Landry","CLIENTE"
408,"suspenseman@yah00.org","Joanne Sellers","CLIENTE"
409,"maguilar@b1zmail.co.uk","Heather Bradford","CLIENTE"
410,"handledfind@somema1l.org","Jeffrey Gibbs","CLIENTE"
411,"rbrown@ma1l2u.net","Alice Bishop","CLIENTE"
412,"listsill58@hotma1l.net","Wanda Dale","CLIENTE"
413,"ofleader@hotma1l.net","Anthony York","CLIENTE"
414,"dlevine@ma1l2u.com","Jacob Flores","CLIENTE"
415,"assertghost@hotma1l.org","Cindy Marks","CLIENTE"
416,"cbryan@ma1lbox.net","Jon McConnell","CLIENTE"
417,"ofdo@somema1l.org","Kenneth Potter","CLIENTE"
418,"cbrowning@b1zmail.co.uk","Harry Bond","CLIENTE"
419,"whosecretly@hotma1l.us","Max Guy","CLIENTE"
420,"tkaufman@ma1lbox.biz","Ray Figueroa","CLIENTE"
421,"kjackson@yah00.us","William Norman","CLIENTE"
422,"crashdiscovered@yah00.us","Chuck Lopez","CLIENTE"
423,"wicketdiscovered@ma1lbox.com","Dave Holman","CLIENTE"
424,"jmiles3@b1zmail.us","Rod Beasley","CLIENTE"
425,"numberswhat@ma1l2u.biz","Shawna Bradley","CLIENTE"
426,"captainconstantly@somema1l.org","Julie Briggs","CLIENTE"
427,"sneal@b1zmail.biz","Angie Gilliam","CLIENTE"
428,"onare@yah00.biz","Lori Cox","CLIENTE"
429,"secretlyuntil@ma1lbox.biz","Mary Delgado","CLIENTE"
430,"onas@everyma1l.net","Carolyn Solomon","CLIENTE"
431,"sidekickcame@yah00.net","Josh Jordan","CLIENTE"
432,"wheresuspense@somema1l.net","Barb Reilly","CLIENTE"
433,"showwith@ma1lbox.co.uk","Christine Stewart","CLIENTE"
434,"rcooke@b1zmail.net","Larry Powell","CLIENTE"
435,"jball@hotma1l.com","Sean Meadows","CLIENTE"
436,"bsampson@somema1l.co.uk","Kaylee Callahan","CLIENTE"
437,"dsaunders50@gma1l.co.uk","Louis McPherson","CLIENTE"
438,"jowens@b1zmail.co.uk","Sheila Caldwell","CLIENTE"
439,"fromon59@ma1l2u.com","Greg Murray","CLIENTE"
440,"withwhat@b1zmail.us","Virginia Byers","CLIENTE"
441,"kstephens@b1zmail.us","Janice Ortega","CLIENTE"
442,"jkirby@b1zmail.org","Wyatt Lang","CLIENTE"
443,"throughmoved@yah00.us","Madison Estrada","CLIENTE"
444,"televisionor maybe80@ma1l2u.co.uk","Trevor Burgess","CLIENTE"
445,"kfranco@gma1l.biz","Andrea Cooper","CLIENTE"
446,"mgamble15@b1zmail.net","Lindsey Gilmore","CLIENTE"
447,"iwrite@ma1lbox.co.uk","Alexis Bright","CLIENTE"
448,"itbadly@gma1l.biz","Brooke Barrera","CLIENTE"
449,"rsavage@somema1l.us","Rocky Harrington","CLIENTE"
450,"fireis@somema1l.biz","Ricky Daniel","CLIENTE"
451,"jcleveland@gma1l.org","Amanda Baker","CLIENTE"
452,"shobbs@b1zmail.biz","Jeffrey Wyatt","CLIENTE"
453,"dsykes@yah00.biz","Marcus Moran","CLIENTE"
454,"dbridges@gma1l.biz","Baby Deleon","CLIENTE"
455,"suspensein@ma1l2u.com","Vivian Weeks","CLIENTE"
456,"sitsghost@hotma1l.biz","Kristen Albert","CLIENTE"
457,"dgomez@everyma1l.co.uk","Tiffany Barr","CLIENTE"
458,"dstrickland@ma1lbox.org","Timmy Lewis","CLIENTE"
459,"crashin@b1zmail.net","Sean Hansen","CLIENTE"
460,"offind@b1zmail.org","Leslie Townsend","CLIENTE"
461,"bpace@hotma1l.co.uk","Carla Noble","CLIENTE"
462,"gblackwell@somema1l.org","Denise McDowell","CLIENTE"
463,"shouldcold@yah00.org","Jason Gay","CLIENTE"
464,"showlight@ma1l2u.net","Lynn Anthony","CLIENTE"
465,"mbrady@b1zmail.biz","Brittany Glenn","CLIENTE"
466,"nschmidt@somema1l.org","Curtis Blankenship","CLIENTE"
467,"or maybeisland@somema1l.com","Madison Duke","CLIENTE"
468,"webare@somema1l.net","Darren Stanley","CLIENTE"
469,"hmyers@ma1lbox.us","Katelyn Gay","CLIENTE"
470,"elsespeed@ma1l2u.us","Sandy Owen","CLIENTE"
471,"sacrificeworn@yah00.biz","Sherri Johns","CLIENTE"
472,"gmoore@b1zmail.biz","Jeremiah Crosby","CLIENTE"
473,"sidekickwhite@gma1l.co.uk","Alex Todd","CLIENTE"
474,"televisionin89@b1zmail.biz","Heath Wallace","CLIENTE"
475,"ofisland@b1zmail.com","Caleb Coleman","CLIENTE"
476,"vcantu32@everyma1l.biz","Alexandra Hopkins","CLIENTE"
477,"tholt84@hotma1l.co.uk","Tia Bates","CLIENTE"
478,"toplane@gma1l.biz","Candy Mitchell","CLIENTE"
479,"sford66@somema1l.biz","Blake Bradley","CLIENTE"
480,"daysball@yah00.biz","Robert Bray","CLIENTE"
481,"ctyler@gma1l.co.uk","Jody Wallace","CLIENTE"
482,"topull@somema1l.net","Cindy Keller","CLIENTE"
483,"lrich@b1zmail.net","Noah Whitehead","CLIENTE"
484,"cbeasley@gma1l.co.uk","Natasha Sloan","CLIENTE"
485,"aboutcrash@everyma1l.us","Kelsey Cross","CLIENTE"
486,"soa@somema1l.com","Tara Potts","CLIENTE"
487,"willhave@gma1l.biz","Norma Solomon","CLIENTE"
488,"goodgenerated55@everyma1l.us","Audrey Santana","CLIENTE"
489,"rballard58@everyma1l.org","Katelyn Gonzalez","CLIENTE"
490,"rnguyen@somema1l.com","Marilyn Osborne","CLIENTE"
491,"wherehad59@yah00.net","Baby Leon","CLIENTE"
492,"willpique60@gma1l.net","Mark Meadows","CLIENTE"
493,"lwalters@hotma1l.org","Elizabeth Sweeney","CLIENTE"
494,"khowell@somema1l.org","Katrina Richard","CLIENTE"
495,"itsits@everyma1l.org","Chelsea Miles","CLIENTE"
496,"kpollard@ma1l2u.co.uk","Bobbie Vazquez","CLIENTE"
497,"dwilkins@ma1l2u.com","Rebecca Rosario","CLIENTE"
498,"keysasked@yah00.co.uk","Lee Jefferson","CLIENTE"
499,"fhuffman@hotma1l.us","Veronica Kinney","CLIENTE"
2,"tchominski1@imdb.com","Tiebold Chominski","LOCAL"
1,"ckoeppke0@wunderground.com","Christos Koeppke","LOCAL"
3,"dpoulsom2@pen.io","Denver Poulsom","LOCAL"
4,"obellhanger3@mit.edu","Oneida Bellhanger","LOCAL"
5,"pwilkinson4@nhs.uk","Phil Wilkinson","LOCAL"
6,"chousego5@biblegateway.com","Corena Housego","LOCAL"
7,"glocker6@infoseek.co.jp","Gillan Locker","LOCAL"
8,"rclaye7@marriott.com","Raynell Claye","LOCAL"
9,"brobelow8@princeton.edu","Brock Robelow","LOCAL"
10,"msmillie9@xing.com","Moises Smillie","LOCAL"
11,"blangcastera@photobucket.com","Bibby Langcaster","LOCAL"
12,"amuglestonb@redcross.org","Adella Mugleston","LOCAL"
13,"cgavrielic@trellian.com","Christopher Gavrieli","LOCAL"
14,"aberrowd@sciencedirect.com","Alix Berrow","LOCAL"
15,"rcurnowe@nih.gov","Randal Curnow","LOCAL"
16,"lgildroyf@macromedia.com","Lishe Gildroy","LOCAL"
17,"lcalterag@state.gov","Lorri Caltera","LOCAL"
18,"afullmanh@alibaba.com","Alyssa Fullman","LOCAL"
19,"chaizeldeni@1und1.de","Christoffer Haizelden","LOCAL"
20,"brigardj@netlog.com","Blayne Rigard","LOCAL"
21,"wgantlettk@cam.ac.uk","Welby Gantlett","LOCAL"
22,"dsnedkerl@themeforest.net","Dex Snedker","LOCAL"
23,"wwallism@tumblr.com","Winonah Wallis","LOCAL"
24,"cbellissn@desdev.cn","Claudie Belliss","LOCAL"
25,"bromeroo@nasa.gov","Bobbee Romero","LOCAL"
26,"crohlfsp@icio.us","Chantalle Rohlfs","LOCAL"
27,"beastupq@unc.edu","Baryram Eastup","LOCAL"
28,"kroddyr@yahoo.co.jp","Kissee Roddy","LOCAL"
29,"cmaxsteads@businessweek.com","Chrisse Maxstead","LOCAL"
30,"wluipoldt@shutterfly.com","Warner Luipold","LOCAL"
31,"jprielu@blogs.com","Jerald Priel","LOCAL"
32,"jvalenssmithv@com.com","Josee Valens-Smith","LOCAL"
33,"apiddletownw@disqus.com","Artur Piddletown","LOCAL"
34,"csouthamx@4shared.com","Cyndie Southam","LOCAL"
35,"evany@jimdo.com","Ewan Van der Son","LOCAL"
36,"awraggez@wordpress.org","Anatol Wragge","LOCAL"
37,"raronov10@wikipedia.org","Ric Aronov","LOCAL"
38,"mquartermaine11@google.es","Michele Quartermaine","LOCAL"
39,"asanper12@smh.com.au","Aubert Sanper","LOCAL"
40,"kshalcras13@phoca.cz","Kelcey Shalcras","LOCAL"
41,"erosenblatt14@timesonline.co.uk","Emmery Rosenblatt","LOCAL"
42,"kslucock15@nps.gov","Kally Slucock","LOCAL"
43,"chastie16@msn.com","Celisse Hastie","LOCAL"
44,"twyne17@ameblo.jp","Thacher Wyne","LOCAL"
45,"edytham18@google.co.uk","Edsel Dytham","LOCAL"
46,"tgoldstein19@lycos.com","Torin Goldstein","LOCAL"
47,"amotto1a@vkontakte.ru","Alwin Motto","LOCAL"
48,"cshawl1b@google.es","Constantino Shawl","LOCAL"
49,"jbouts1c@blinklist.com","Johann Bouts","LOCAL"
50,"legre1d@latimes.com","Leena Egre","LOCAL"
51,"pstirzaker1e@goodreads.com","Parker Stirzaker","LOCAL"
52,"jdwane1f@addthis.com","Jessalin Dwane","LOCAL"
53,"dlaverock1g@hubpages.com","Dolly Laverock","LOCAL"
54,"kmangon1h@mapy.cz","Kristofer Mangon","LOCAL"
55,"dgreenhowe1i@arstechnica.com","Daryl Greenhowe","LOCAL"
56,"dullett1j@mapy.cz","Debera Ullett","LOCAL"
57,"sdenne1k@bigcartel.com","Sigismondo Denne","LOCAL"
58,"jcorradeschi1l@netscape.com","Jill Corradeschi","LOCAL"
59,"lstubbings1m@apache.org","Lenard Stubbings","LOCAL"
60,"ggough1n@un.org","Gard Gough","LOCAL"
61,"caudibert1o@lulu.com","Cody Audibert","LOCAL"
62,"jshavel1p@irs.gov","Jerad Shavel","LOCAL"
63,"mgraddon1q@gravatar.com","Mireielle Graddon","LOCAL"
64,"kechlin1r@alibaba.com","Karia Echlin","LOCAL"
65,"gpflieger1s@digg.com","Geoff Pflieger","LOCAL"
66,"kogiany1t@networksolutions.com","Kelly O'Giany","LOCAL"
67,"ewilsdon1u@illinois.edu","Ema Wilsdon","LOCAL"
68,"asemeniuk1v@ted.com","Alane Semeniuk","LOCAL"
69,"ssyphus1w@foxnews.com","Salvador Syphus","LOCAL"
70,"ocaven1x@dion.ne.jp","Osborn Caven","LOCAL"
71,"dbirley1y@uol.com.br","Delila Birley","LOCAL"
72,"lbettanay1z@woothemes.com","Laird Bettanay","LOCAL"
73,"erichmont20@freewebs.com","Ennis Richmont","LOCAL"
74,"eranken21@ted.com","Emmy Ranken","LOCAL"
75,"theasley22@europa.eu","Thurston Heasley","LOCAL"
76,"lennals23@gizmodo.com","Lonnie Ennals","LOCAL"
77,"jmeldrum24@amazon.co.jp","Jobye Meldrum","LOCAL"
78,"kdobbyn25@acquirethisname.com","Kasey Dobbyn","LOCAL"
79,"pcherrison26@theglobeandmail.com","Pacorro Cherrison","LOCAL"
80,"kjosefsohn27@nydailynews.com","Katheryn Josefsohn","LOCAL"
81,"hdoughty28@dailymotion.com","Hillery Doughty","LOCAL"
82,"kshatliffe29@netlog.com","Kaitlynn Shatliffe","LOCAL"
83,"soulet2a@arizona.edu","Sonny Oulet","LOCAL"
84,"klipson2b@google.ca","Kim Lipson","LOCAL"
85,"rposer2c@icq.com","Renaldo Poser","LOCAL"
86,"uphittiplace2d@creativecommons.org","Upton Phittiplace","LOCAL"
87,"bgreally2e@com.com","Brewer Greally","LOCAL"
88,"nphizackerly2f@economist.com","Nikolaus Phizackerly","LOCAL"
89,"sle2g@tiny.cc","Sadye Le Barr","LOCAL"
90,"tskivington2h@xinhuanet.com","Tarrah Skivington","LOCAL"
91,"scurnnokk2i@timesonline.co.uk","Stanislas Curnnokk","LOCAL"
92,"askeemer2j@google.de","Adan Skeemer","LOCAL"
93,"dgilbertson2k@weibo.com","Dacy Gilbertson","LOCAL"
94,"bsiggins2l@icq.com","Brendin Siggins","LOCAL"
95,"jschieferstein2m@pen.io","Jamison Schieferstein","LOCAL"
96,"oburkinshaw2n@bloomberg.com","Oberon Burkinshaw","LOCAL"
97,"bmafham2o@google.co.jp","Barney Mafham","LOCAL"
98,"ddyshart2p@blog.com","Dode Dyshart","LOCAL"
99,"rslany2q@ucsd.edu","Rosalinda Slany","LOCAL"
100,"mshorie2r@wikia.com","Mar Shorie","LOCAL"
101,"hcarluccio0@hhs.gov","Haley Carluccio","CLIENTE"
102,"lheales1@wp.com","Lesley Heales","CLIENTE"
103,"pkleen2@icio.us","Peria Kleen","CLIENTE"
104,"lbezley3@bigcartel.com","Lela Bezley","CLIENTE"
105,"swines4@goo.gl","Sonny Wines","CLIENTE"
106,"mroblin5@house.gov","Marlie Roblin","CLIENTE"
107,"sralston6@slideshare.net","Silvie Ralston","CLIENTE"
108,"fbewsy7@umich.edu","Fan Bewsy","CLIENTE"
109,"mvanacci8@ed.gov","Mic Vanacci","CLIENTE"
110,"cstandell9@lycos.com","Cara Standell","CLIENTE"
111,"pkrolika@comcast.net","Pearl Krolik","CLIENTE"
112,"acastreeb@wsj.com","Avrit Castree","CLIENTE"
113,"cvalec@goodreads.com","Cordi Vale","CLIENTE"
114,"gbridgstockd@360.cn","Gabe Bridgstock","CLIENTE"
115,"dbernharde@prnewswire.com","Dolli Bernhard","CLIENTE"
116,"rlongthornef@adobe.com","Ripley Longthorne","CLIENTE"
117,"hknealeg@nhs.uk","Hanson Kneale","CLIENTE"
118,"sdoutyh@patch.com","Salaidh Douty","CLIENTE"
119,"cvlasenkovi@princeton.edu","Cass Vlasenkov","CLIENTE"
120,"jfitzsimonj@ow.ly","Johnnie Fitzsimon","CLIENTE"
121,"elamminamk@bbc.co.uk","Eric Lamminam","CLIENTE"
122,"mpawelekl@people.com.cn","Mathe Pawelek","CLIENTE"
123,"bklassm@github.io","Bobbee Klass","CLIENTE"
124,"hsimionaton@google.ca","Hilly Simionato","CLIENTE"
125,"pcromaro@pagesperso-orange.fr","Paloma Cromar","CLIENTE"
126,"nbillowsp@addthis.com","Nikolaus Billows","CLIENTE"
127,"cmountstephenq@buzzfeed.com","Chester Mountstephen","CLIENTE"
128,"lmuldoonr@ifeng.com","Lorrayne Muldoon","CLIENTE"
129,"tmewhirters@photobucket.com","Thoma Mewhirter","CLIENTE"
130,"lshinefieldt@miibeian.gov.cn","Lonee Shinefield","CLIENTE"
131,"ghallyboneu@paypal.com","Georgette Hallybone","CLIENTE"
132,"cbeachampv@fc2.com","Clo Beachamp","CLIENTE"
133,"lluterw@diigo.com","Leeland Luter","CLIENTE"
134,"cantognettix@cnn.com","Charlena Antognetti","CLIENTE"
135,"amullendery@bigcartel.com","Allissa Mullender","CLIENTE"
136,"dvearez@dot.gov","Dot Veare","CLIENTE"
137,"nnuccitelli10@craigslist.org","Nell Nuccitelli","CLIENTE"
138,"msquelch11@wiley.com","Mariann Squelch","CLIENTE"
140,"kbondar13@newsvine.com","Keri Bondar","CLIENTE"
141,"asymms14@reference.com","Alvy Symms","CLIENTE"
142,"rmonkleigh15@pagesperso-orange.fr","Rebecka Monkleigh","CLIENTE"
143,"kfurman16@digg.com","Karyn Furman","CLIENTE"
144,"lsleeford17@dedecms.com","Lorilyn Sleeford","CLIENTE"
145,"wjambrozek18@wikispaces.com","Wyatt Jambrozek","CLIENTE"
146,"cpamplin19@engadget.com","Carmencita Pamplin","CLIENTE"
147,"adormer1a@independent.co.uk","Alika Dormer","CLIENTE"
148,"pdavers1b@google.fr","Phillip Davers","CLIENTE"
149,"hox1c@bing.com","Harwell Ox","CLIENTE"
150,"gjessope1d@moonfruit.com","Gerty Jessope","CLIENTE"
151,"rbrounsell1e@washington.edu","Rancell Brounsell","CLIENTE"
152,"mneave1f@mail.ru","Matteo Neave","CLIENTE"
153,"mmckeeman1g@lycos.com","Moritz McKeeman","CLIENTE"
154,"jgarcia1h@istockphoto.com","Joelynn Garcia","CLIENTE"
155,"acirlos1i@com.com","Ardisj Cirlos","CLIENTE"
156,"szupa1j@google.com.hk","Shelley Zupa","CLIENTE"
157,"msutor1k@chronoengine.com","Morty Sutor","CLIENTE"
158,"cwanley1l@harvard.edu","Cally Wanley","CLIENTE"
159,"rtunno1m@vistaprint.com","Rubi Tunno","CLIENTE"
160,"csappson1n@usda.gov","Christabella Sappson","CLIENTE"
161,"msadler1o@arizona.edu","Mallory Sadler","CLIENTE"
162,"hdowsing1p@deviantart.com","Halie Dowsing","CLIENTE"
163,"ylockner1q@indiatimes.com","Yasmin Lockner","CLIENTE"
164,"rtregear1r@un.org","Ronnica Tregear","CLIENTE"
165,"ldillingstone1s@wikimedia.org","Lodovico Dillingstone","CLIENTE"
166,"gmcgow1t@over-blog.com","Guglielma McGow","CLIENTE"
167,"gmammatt1u@aol.com","Gifford Mammatt","CLIENTE"
168,"akilleley1v@tmall.com","Annabela Killeley","CLIENTE"
169,"fcaygill1w@sogou.com","Fara Caygill","CLIENTE"
170,"ikemitt1x@acquirethisname.com","Ian Kemitt","CLIENTE"
171,"phryniewicki1y@webs.com","Pepi Hryniewicki","CLIENTE"
172,"gtabard1z@ftc.gov","Georgina Tabard","CLIENTE"
173,"vbauldry20@google.com.br","Virgie Bauldry","CLIENTE"
174,"jibbeson21@java.com","Jeanie Ibbeson","CLIENTE"
175,"cbeverage22@stanford.edu","Coletta Beverage","CLIENTE"
176,"hhebbes23@lycos.com","Hillel Hebbes","CLIENTE"
177,"ebaugh24@yelp.com","Efrem Baugh","CLIENTE"
178,"jparcall25@forbes.com","Janey Parcall","CLIENTE"
179,"jdoiley26@rakuten.co.jp","Jacki Doiley","CLIENTE"
180,"hsheringham27@weibo.com","Herb Sheringham","CLIENTE"
181,"jmance28@wix.com","Janel Mance","CLIENTE"
182,"mgothrup29@istockphoto.com","Marilin Gothrup","CLIENTE"
183,"rhorwell2a@mayoclinic.com","Remy Horwell","CLIENTE"
184,"ejeans2b@deliciousdays.com","Edee Jeans","CLIENTE"
185,"dsalling2c@yahoo.com","Dulcia Salling","CLIENTE"
186,"tmaharey2d@springer.com","Tommy Maharey","CLIENTE"
187,"rheinzler2e@goo.ne.jp","Roanna Heinzler","CLIENTE"
188,"rshemmin2f@surveymonkey.com","Reeba Shemmin","CLIENTE"
189,"zritter2g@yandex.ru","Zechariah Ritter","CLIENTE"
190,"gvan2h@constantcontact.com","Glyn Van Oort","CLIENTE"
191,"hmuffett2i@blogs.com","Holly Muffett","CLIENTE"
192,"hsterrie2j@jigsy.com","Holly Sterrie","CLIENTE"
193,"losheerin2k@earthlink.net","Leopold O'Sheerin","CLIENTE"
194,"drabbage2l@discuz.net","Dolph Rabbage","CLIENTE"
195,"rbarehead2m@devhub.com","Ruttger Barehead","CLIENTE"
196,"cturland2n@infoseek.co.jp","Christen Turland","CLIENTE"
197,"mdunnett2o@issuu.com","Mildrid Dunnett","CLIENTE"
198,"tstuckow2p@nydailynews.com","Tadeas Stuckow","CLIENTE"
199,"vrunsey2q@home.pl","Vernice Runsey","CLIENTE"
200,"aayrton2r@ft.com","Andriette Ayrton","CLIENTE"
201,"akiddey0@mail.ru","Anetta Kiddey","OPERADOR"
202,"sharkin1@nature.com","Sky Harkin","OPERADOR"
203,"ao2@jimdo.com","Aurore O' Neligan","PROVEEDOR"
204,"hwinton3@nifty.com","Happy Winton","OPERADOR"
205,"eneles4@hostgator.com","Everard Neles","OPERADOR"
206,"mclapshaw5@cbslocal.com","Mareah Clapshaw","OPERADOR"
207,"jrodriguez6@behance.net","Jermaine Rodriguez","PROVEEDOR"
208,"mlowerson7@behance.net","Margarette Lowerson","OPERADOR"
209,"tsuddick8@exblog.jp","Tyrone Suddick","OPERADOR"
210,"krevans9@nhs.uk","Kath Revans","OPERADOR"
211,"amcelweea@army.mil","Ase McElwee","PROVEEDOR"
212,"lmolandb@tripod.com","Linnell Moland","PROVEEDOR"
213,"sfearnyhoughc@ca.gov","Sherwin Fearnyhough","PROVEEDOR"
214,"aworsalld@alexa.com","Aymer Worsall","OPERADOR"
215,"kmantone@dion.ne.jp","Katy Manton","PROVEEDOR"
216,"khappertf@globo.com","Katleen Happert","PROVEEDOR"
217,"zscapensg@rambler.ru","Zilvia Scapens","PROVEEDOR"
218,"ctarbatth@netlog.com","Celisse Tarbatt","PROVEEDOR"
219,"bprinnetti@vk.com","Bobette Prinnett","PROVEEDOR"
220,"ppeterj@home.pl","Pebrook Peter","OPERADOR"
0,"ppeterj@home.pl","Admin","OPERADOR"
139,"bstivani12@godaddy.com","Benny Stivani","CLIENTE"
500,"mvega@ma1lbox.biz","Jasmine Palmer","CLIENTE"
501,"jaguirre37@somema1l.net","Bryan Fields","CLIENTE"
502,"swebster@somema1l.biz","Harley Baldwin","CLIENTE"
503,"handledboon@somema1l.net","Annette Logan","CLIENTE"
504,"jgriffin@gma1l.biz","Norma Hurst","CLIENTE"
505,"waswith@hotma1l.biz","Ronnie Cohen","CLIENTE"
506,"codeasked@hotma1l.co.uk","Leroy Shields","CLIENTE"
507,"amosley@yah00.co.uk","Jonathan Miller","CLIENTE"
508,"hidball@ma1lbox.com","Unborn Kirk","CLIENTE"
509,"vcarrillo@b1zmail.us","Norman Hodges","CLIENTE"
510,"lchen99@ma1l2u.us","Diane Gay","CLIENTE"
511,"aramirez@gma1l.us","Tommy Zamora","CLIENTE"
512,"peopleshow@somema1l.co.uk","Kayla Donovan","CLIENTE"
513,"abarber@hotma1l.com","John Lucas","CLIENTE"
514,"vhood@ma1l2u.us","Charlotte Oneil","CLIENTE"
515,"jreyes@everyma1l.com","Chasity Camacho","CLIENTE"
516,"vpatterson@hotma1l.com","Whitney Cannon","CLIENTE"
517,"dnoel0@yah00.org","Molly Holt","CLIENTE"
518,"outno@somema1l.org","Candy Baker","CLIENTE"
519,"ktillman45@gma1l.biz","Whitney Ayers","CLIENTE"
520,"ihat@everyma1l.us","Brandon Gibson","CLIENTE"
521,"jwalls@somema1l.com","Erin McClure","CLIENTE"
522,"amclean@gma1l.org","Mindy Calderon","CLIENTE"
523,"itghost33@ma1l2u.com","Kaylee Puckett","CLIENTE"
524,"hatchtext36@yah00.co.uk","Molly Vega","CLIENTE"
525,"cchan@ma1lbox.biz","Mariah Hickman","CLIENTE"
526,"rabbitrabbit@everyma1l.us","Terri Barr","CLIENTE"
527,"kcardenas82@ma1l2u.com","Bruce West","CLIENTE"
528,"constantlyman@hotma1l.net","Tashia Potter","CLIENTE"
529,"jjacobson56@everyma1l.net","Miranda Duncan","CLIENTE"
530,"wronghave@hotma1l.us","Rusty Sexton","CLIENTE"
531,"windowor maybe@yah00.us","Krista Obrien","CLIENTE"
532,"msykes96@everyma1l.org","Marcus Rhodes","CLIENTE"
533,"suspenseconstantly@hotma1l.us","George Cervantes","CLIENTE"
534,"srobertson@ma1lbox.net","Lindsey Wilson","CLIENTE"
535,"wgonzalez@somema1l.org","Johnathan Garcia","CLIENTE"
536,"pjames@somema1l.us","Margaret Cobb","CLIENTE"
537,"lberger@hotma1l.us","Dallas Rich","CLIENTE"
538,"sacrificeis@everyma1l.co.uk","Thelma Kelly","CLIENTE"
539,"whiteon6@ma1lbox.net","Seth Adams","CLIENTE"
540,"jcollier@ma1l2u.biz","Craig Haynes","CLIENTE"
541,"lostof@somema1l.com","Brian Frederick","CLIENTE"
542,"rstevens@gma1l.biz","Jennifer Stanley","CLIENTE"
543,"listtrees@everyma1l.com","Sandy Horton","CLIENTE"
544,"lotsto@ma1lbox.com","Tom Salazar","CLIENTE"
545,"dmaynard@gma1l.org","Darlene Morrison","CLIENTE"
546,"jcarver@everyma1l.org","Stephen Alston","CLIENTE"
547,"jcobb@everyma1l.us","Kaylee Henson","CLIENTE"
548,"roomwords@ma1l2u.us","Darren Waters","CLIENTE"
549,"dwalker@yah00.us","Ginger Casey","CLIENTE"
550,"wbean@gma1l.com","Beverly Wilkinson","CLIENTE"
551,"dcooke@ma1lbox.org","Todd Pierce","CLIENTE"
690,"bdaugherty@yah00.com","Alan Bass","CLIENTE"
552,"soconstantly@gma1l.org","Rhonda Malone","CLIENTE"
553,"dadlight@gma1l.org","Seth Sosa","CLIENTE"
554,"whiteelse@gma1l.net","Bonnie Snider","CLIENTE"
555,"roomcrash30@ma1lbox.com","Roy Bush","CLIENTE"
556,"rpotts@ma1l2u.net","Ricky Landry","CLIENTE"
557,"vdaniel@yah00.us","Isaac Blair","CLIENTE"
558,"endingroom@gma1l.co.uk","Dillon Schwartz","CLIENTE"
559,"coldits@ma1lbox.us","Amanda Bruce","CLIENTE"
560,"untilcaptain@ma1l2u.biz","Patricia Bates","CLIENTE"
561,"soautomatically@yah00.com","Tashia Delgado","CLIENTE"
562,"willdo@somema1l.us","Barbara Franks","CLIENTE"
563,"suspenseroom@ma1l2u.biz","Ronald Gibson","CLIENTE"
564,"endship@b1zmail.biz","Charlotte McKee","CLIENTE"
565,"windowwill@ma1lbox.co.uk","Mickey Payne","CLIENTE"
566,"crashwas49@somema1l.co.uk","Jill Donovan","CLIENTE"
567,"bpruitt@somema1l.org","Erika Perez","CLIENTE"
568,"sleon@gma1l.biz","Kay Blanchard","CLIENTE"
569,"mfrank@somema1l.biz","Everett Jarvis","CLIENTE"
570,"phendricks40@ma1l2u.com","Eugene Klein","CLIENTE"
571,"theroom70@everyma1l.co.uk","Herbert Deleon","CLIENTE"
572,"hadbanging@ma1lbox.net","Derrick Le","CLIENTE"
573,"dreamstext@b1zmail.com","Chris Wyatt","CLIENTE"
574,"infire@hotma1l.co.uk","Rex Sykes","CLIENTE"
575,"mgentry34@ma1l2u.us","Antonio Jackson","CLIENTE"
576,"whathave@b1zmail.us","Linda Chen","CLIENTE"
577,"lotswaited@b1zmail.biz","Kathleen Burns","CLIENTE"
578,"nothey@gma1l.net","Nancy Parsons","CLIENTE"
579,"cameto@ma1l2u.net","Breanna Rogers","CLIENTE"
580,"rsteele@yah00.com","Rita Carey","CLIENTE"
581,"kparker@ma1l2u.co.uk","Tony King","CLIENTE"
582,"sskinner@ma1l2u.com","Heath Travis","CLIENTE"
583,"aguerra@ma1lbox.net","Jeffery Yates","CLIENTE"
584,"khawkins@everyma1l.co.uk","Rhonda Holloway","CLIENTE"
585,"mkline@b1zmail.biz","Rod Christensen","CLIENTE"
586,"hotfire3@everyma1l.us","Candy Walters","CLIENTE"
587,"rlyons@b1zmail.biz","Bruce Stone","CLIENTE"
588,"hhowell@everyma1l.us","Rodney Hatfield","CLIENTE"
589,"suspensecaptain22@ma1l2u.org","Vivian Pearson","CLIENTE"
590,"sidekickhat@b1zmail.org","Dave Hall","CLIENTE"
591,"jbriggs@b1zmail.com","Vanessa Gross","CLIENTE"
592,"automaticallydays@gma1l.com","Isaac Terry","CLIENTE"
593,"kyang@somema1l.net","Chasity Boyer","CLIENTE"
594,"swall38@gma1l.net","Candy Conner","CLIENTE"
595,"tedwards@yah00.net","Laken Park","CLIENTE"
596,"jparker23@gma1l.com","Chris Leon","CLIENTE"
597,"soout@yah00.co.uk","Randi Ramirez","CLIENTE"
598,"peopleno@yah00.org","Alex Lynn","CLIENTE"
599,"dsheppard@hotma1l.biz","Clifford Wheeler","CLIENTE"
600,"tlarsen43@everyma1l.us","Matthew Flores","CLIENTE"
601,"adoyle@ma1l2u.com","Monica Kane","CLIENTE"
602,"dreamsworn@yah00.co.uk","Donna Alexander","CLIENTE"
603,"foundare41@b1zmail.us","Wayne Houston","CLIENTE"
604,"aredays@somema1l.us","Anita Walton","CLIENTE"
605,"theis@everyma1l.net","Laken Dunlap","CLIENTE"
606,"otherswe2@hotma1l.org","Pamela Barron","CLIENTE"
607,"gpetty@yah00.org","Carmen Gallagher","CLIENTE"
608,"computerit@yah00.net","Tonya Castro","CLIENTE"
609,"roomenter@yah00.co.uk","Anthony McKnight","CLIENTE"
610,"dknapp11@hotma1l.us","Jordan Soto","CLIENTE"
611,"endingis@somema1l.co.uk","Kathy Galloway","CLIENTE"
612,"generatedto@ma1lbox.biz","Lynn Nixon","CLIENTE"
613,"elseopen19@everyma1l.net","Logan Whitley","CLIENTE"
614,"wicketdiscovered@hotma1l.org","Pat Briggs","CLIENTE"
615,"piquehot@somema1l.biz","James Rich","CLIENTE"
616,"scervantes@hotma1l.us","Alexandra Faulkner","CLIENTE"
617,"mbridges@b1zmail.com","Jeannie Cash","CLIENTE"
618,"generateddemanded62@b1zmail.us","Clara Bean","CLIENTE"
619,"arelock@gma1l.biz","Molly Williamson","CLIENTE"
620,"hadwant71@yah00.co.uk","Vickie Rasmussen","CLIENTE"
621,"enterwhat@ma1lbox.biz","Douglas Foley","CLIENTE"
622,"movedroom@ma1l2u.com","Felicia Hickman","CLIENTE"
623,"whitecode@b1zmail.org","Dylan Wallace","CLIENTE"
624,"twalls99@yah00.biz","Taylor Marsh","CLIENTE"
625,"tkaufman@ma1lbox.org","Sherri Stafford","CLIENTE"
626,"locktext@yah00.org","Mary Castaneda","CLIENTE"
627,"jmercer@yah00.us","Thomas Marks","CLIENTE"
628,"soill@ma1lbox.org","Wesley Brady","CLIENTE"
629,"cdillon@ma1lbox.biz","Loretta Horton","CLIENTE"
630,"smokecame@ma1lbox.com","Rachel Miranda","CLIENTE"
631,"cstevenson@hotma1l.org","Diana Smith","CLIENTE"
632,"shipof15@ma1lbox.co.uk","Summer Foley","CLIENTE"
633,"danthony45@ma1lbox.us","Rodney Crane","CLIENTE"
634,"endswho@b1zmail.net","Jerry Burton","CLIENTE"
635,"wtanner92@everyma1l.com","Kristy Henderson","CLIENTE"
636,"ddonaldson@hotma1l.com","Heidi Fox","CLIENTE"
637,"ion@hotma1l.com","Duane Lott","CLIENTE"
638,"kfrancis@ma1l2u.biz","Ann Jimenez","CLIENTE"
639,"lcrawford@ma1l2u.biz","Molly Beard","CLIENTE"
640,"lroberts@hotma1l.us","Toni Serrano","CLIENTE"
641,"magneticenter@ma1l2u.us","Matthew McCray","CLIENTE"
642,"secretlygenerated@somema1l.net","Matthew Chang","CLIENTE"
643,"rblankenship@b1zmail.co.uk","Rebecca Burns","CLIENTE"
644,"kpatterson@yah00.com","Kendra Norton","CLIENTE"
645,"wleach36@gma1l.biz","Pam Sheppard","CLIENTE"
646,"rfuller63@b1zmail.net","Jeremy Boyd","CLIENTE"
647,"secretlymoved@ma1lbox.net","Paul Kelley","CLIENTE"
648,"findsidekick@ma1lbox.com","Gina Hopkins","CLIENTE"
649,"showard@ma1lbox.net","Mike Hawkins","CLIENTE"
650,"lightof@ma1l2u.us","Angela Guy","CLIENTE"
651,"automaticallycomputer63@hotma1l.net","Pat Wells","CLIENTE"
652,"avan halen@hotma1l.biz","Blake Holland","CLIENTE"
653,"rmathis45@b1zmail.com","Glen Hardin","CLIENTE"
654,"endpull@gma1l.biz","Morgan Odonnell","CLIENTE"
655,"iswith@hotma1l.com","Crystal Clayton","CLIENTE"
656,"tengland@ma1l2u.us","Gene Burt","CLIENTE"
657,"generatedor maybe90@yah00.us","Krista Walton","CLIENTE"
658,"daysfound@ma1lbox.biz","Kayla Raymond","CLIENTE"
659,"sacrificethrough@somema1l.us","Pam Hampton","CLIENTE"
660,"onwas66@gma1l.biz","Tom Dominguez","CLIENTE"
661,"isbuild@gma1l.org","Cory Reynolds","CLIENTE"
662,"tookspeed@everyma1l.biz","Olivia Carney","CLIENTE"
663,"ccrosby@yah00.org","Sharon Sweet","CLIENTE"
664,"jcolon71@yah00.co.uk","Duane Burt","CLIENTE"
665,"doin@ma1lbox.net","Herbert Terrell","CLIENTE"
666,"computerfound@ma1l2u.com","Tracey Macias","CLIENTE"
667,"untilcrash@somema1l.org","Cody Cameron","CLIENTE"
668,"camedo@hotma1l.com","Brooklyn McBride","CLIENTE"
669,"emckenzie@somema1l.co.uk","Craig Rodgers","CLIENTE"
670,"lostcold@everyma1l.net","Marsha Mason","CLIENTE"
671,"cameball0@everyma1l.net","Lawrence Garner","CLIENTE"
672,"apatterson@everyma1l.us","Kristina Joyner","CLIENTE"
673,"diedrabbit@yah00.us","Tommy Cooke","CLIENTE"
674,"bzamora@b1zmail.us","Mandy Alford","CLIENTE"
675,"hstark@ma1lbox.co.uk","Leah Oneil","CLIENTE"
676,"interestspeed88@ma1lbox.net","Skyler Lloyd","CLIENTE"
677,"wordsothers@ma1l2u.co.uk","Chad Leblanc","CLIENTE"
678,"jwood@everyma1l.net","Kristen Conner","CLIENTE"
679,"hidfrom@somema1l.org","Rhonda Becker","CLIENTE"
680,"rabbitgenerated@yah00.co.uk","Lee Larson","CLIENTE"
681,"libraryhatch@ma1lbox.us","Sandra Rowe","CLIENTE"
682,"ewilliams85@ma1lbox.biz","Alissa Wynn","CLIENTE"
683,"ituntil@hotma1l.com","Renee Perry","CLIENTE"
684,"trussell@ma1l2u.org","Sabrina Long","CLIENTE"
685,"eobrien91@ma1l2u.biz","Hope Spears","CLIENTE"
686,"chubbard@hotma1l.org","Todd Wilcox","CLIENTE"
687,"hadthrow@somema1l.org","Sharon Underwood","CLIENTE"
688,"sofaas@ma1lbox.us","Megan Ochoa","CLIENTE"
689,"interestlost@b1zmail.com","Diana Finch","CLIENTE"
360,"dhorn@everyma1l.co.uk","Stacey Lott","CLIENTE"
221,"throughends@b1zmail.com","Connie Holman","CLIENTE"
222,"hotsill@b1zmail.us","Molly Spencer","CLIENTE"
223,"carmstrong@ma1lbox.us","Dixie Brewer","CLIENTE"
224,"bnoble@hotma1l.org","Andy Stephenson","CLIENTE"
225,"ahiggins@ma1lbox.co.uk","Christopher Cline","CLIENTE"
226,"agentry@ma1lbox.com","Barb Bates","CLIENTE"
227,"muchto@ma1l2u.com","Arthur Potter","CLIENTE"
228,"sidekickcame@ma1l2u.com","Jay Herman","CLIENTE"
229,"lostman62@hotma1l.us","Dixie Cox","CLIENTE"
230,"lmckee@somema1l.com","Tammy Fox","CLIENTE"
231,"bcrosby@hotma1l.co.uk","Jeremiah Mullen","CLIENTE"
232,"baguilar@hotma1l.biz","Brandy Duran","CLIENTE"
233,"badlywrong@b1zmail.biz","Brenda Gross","CLIENTE"
234,"soend@gma1l.net","Chad Willis","CLIENTE"
235,"tstone@gma1l.us","Rocky Marshall","CLIENTE"
236,"otherscame94@somema1l.net","Steven Black","CLIENTE"
237,"lotsor@b1zmail.com","Diane Ford","CLIENTE"
238,"smokefire@hotma1l.org","Tammy Rivers","CLIENTE"
239,"coldisland@yah00.org","Ted Hays","CLIENTE"
240,"illwhite@gma1l.co.uk","Andrew Fry","CLIENTE"
241,"vrusso4@everyma1l.us","Anita Scott","CLIENTE"
242,"tono@b1zmail.biz","Angie Douglas","CLIENTE"
243,"fmorgan54@somema1l.co.uk","Pete Gardner","CLIENTE"
244,"hatchthey18@b1zmail.biz","Josh Woodward","CLIENTE"
245,"egoff@yah00.org","Jackie Landry","CLIENTE"
246,"vzimmerman61@ma1l2u.org","Erika Potter","CLIENTE"
247,"coldwhen@b1zmail.biz","Stacey Hunter","CLIENTE"
248,"rlarsen@b1zmail.org","Gage Sharpe","CLIENTE"
249,"captainwas@gma1l.net","Jessica Dawson","CLIENTE"
250,"magneticwith@hotma1l.co.uk","Gail Melendez","CLIENTE"
251,"srice@b1zmail.net","Frank Salinas","CLIENTE"
252,"idavid@b1zmail.net","Billie Pena","CLIENTE"
253,"sbooth@everyma1l.com","Crystal Kirby","CLIENTE"
254,"diedmagnetic@somema1l.co.uk","Cathy Maldonado","CLIENTE"
255,"whatout@ma1lbox.co.uk","Austin Foreman","CLIENTE"
256,"singram@yah00.org","Nancy McKenzie","CLIENTE"
257,"demandedis@b1zmail.com","Allen Jennings","CLIENTE"
258,"smadden@b1zmail.com","Derrick Taylor","CLIENTE"
259,"tothrow@yah00.us","Charlotte Harding","CLIENTE"
260,"probablyis@somema1l.co.uk","Lisa Webster","CLIENTE"
261,"hidtext@yah00.net","Candy Barber","CLIENTE"
262,"jsoto35@yah00.us","Eva McClure","CLIENTE"
263,"bangingin@yah00.com","Rusty Duncan","CLIENTE"
264,"rvincent5@b1zmail.co.uk","Gary Chen","CLIENTE"
265,"emorales@hotma1l.us","Becky Frost","CLIENTE"
266,"numbersin@ma1l2u.biz","Dusty Waters","CLIENTE"
267,"waitedof@somema1l.org","Dalton Sandoval","CLIENTE"
268,"vhogan@hotma1l.org","Jessie Bartlett","CLIENTE"
269,"toill@b1zmail.co.uk","Andrea Farley","CLIENTE"
270,"smiranda@ma1l2u.co.uk","Ethan Park","CLIENTE"
271,"cmcfadden73@ma1l2u.biz","Connie Guthrie","CLIENTE"
272,"dtran@somema1l.net","Clint Emerson","CLIENTE"
273,"mwoodard@ma1l2u.us","Jodi Salas","CLIENTE"
274,"asilva@b1zmail.co.uk","Tristan Downs","CLIENTE"
275,"sacrificelost56@ma1lbox.biz","Lance Robertson","CLIENTE"
276,"writehad@hotma1l.net","Christina Alston","CLIENTE"
277,"mrodriguez@everyma1l.com","Blake Farley","CLIENTE"
278,"rrichardson29@ma1l2u.biz","Marty Harvey","CLIENTE"
279,"muchdemanded@b1zmail.co.uk","Max Holland","CLIENTE"
280,"manothers@yah00.us","Patrick Durham","CLIENTE"
281,"ljackson@yah00.com","Brianna Adams","CLIENTE"
282,"assertwords@somema1l.org","Hannah Gilliam","CLIENTE"
283,"ovaughn@hotma1l.us","Donna Baird","CLIENTE"
284,"anielsen@ma1l2u.net","Sara Hahn","CLIENTE"
285,"peoplecold@ma1lbox.com","Stacey Warren","CLIENTE"
286,"bwaters@b1zmail.com","Ann Kinney","CLIENTE"
287,"jfulton@gma1l.co.uk","Lacey Vincent","CLIENTE"
288,"cgriffin38@everyma1l.biz","Courtney William","CLIENTE"
289,"worldplane88@b1zmail.biz","Joyce Bruce","CLIENTE"
290,"aboutisland@ma1l2u.us","Dixie Parsons","CLIENTE"
291,"rruiz@gma1l.us","April Daniel","CLIENTE"
292,"kforeman@b1zmail.co.uk","Joanne Patel","CLIENTE"
293,"skane6@ma1lbox.us","Tamara Cameron","CLIENTE"
294,"webmany99@everyma1l.org","Ricky Carter","CLIENTE"
295,"probablydo16@somema1l.us","Rachael Gilbert","CLIENTE"
296,"wrongsmoke42@everyma1l.us","Teresa Finley","CLIENTE"
297,"sofais@somema1l.co.uk","Charlotte Larson","CLIENTE"
298,"bmcdaniel@ma1lbox.net","Pat Holden","CLIENTE"
299,"brich@somema1l.us","Darla Dejesus","CLIENTE"
300,"lfrancis@b1zmail.co.uk","Judy Cantrell","CLIENTE"
301,"rlester@hotma1l.us","Ronda Melendez","CLIENTE"
302,"jsharpe@ma1lbox.biz","Kenneth Beasley","CLIENTE"
303,"eyates20@b1zmail.com","Melody Dunn","CLIENTE"
304,"draymond@b1zmail.net","Lance Ramirez","CLIENTE"
305,"illcaves19@hotma1l.org","Deborah Clayton","CLIENTE"
306,"vcervantes@everyma1l.net","Sheila Terry","CLIENTE"
307,"tsharpe@yah00.org","Jenna Bolton","CLIENTE"
308,"sitsto@b1zmail.net","Jim Rollins","CLIENTE"
309,"vjustice@somema1l.com","Tessa Oneal","CLIENTE"
310,"jsalazar15@yah00.us","Lindsey Frost","CLIENTE"
311,"fhobbs36@somema1l.com","Virginia Berg","CLIENTE"
312,"dreamsto68@yah00.com","Kristy Lawrence","CLIENTE"
313,"interestcomputer@hotma1l.biz","Monica Lott","CLIENTE"
314,"aday@ma1lbox.net","Ronnie Carver","CLIENTE"
315,"grocha@b1zmail.us","Francis Dean","CLIENTE"
316,"mreilly@b1zmail.net","Christoph McCarty","CLIENTE"
317,"abarlow@hotma1l.com","Randall Dillard","CLIENTE"
318,"numbershave13@ma1l2u.biz","Michael Lester","CLIENTE"
319,"roomlock@everyma1l.net","Holly Monroe","CLIENTE"
320,"eflynn80@somema1l.net","Clint Holmes","CLIENTE"
321,"tgreer@somema1l.net","Tom Flynn","CLIENTE"
322,"ofcaptain@ma1l2u.biz","Allen Tyler","CLIENTE"
323,"hatmagnetic45@somema1l.us","Brandi Dunlap","CLIENTE"
324,"kpage17@ma1lbox.biz","Billy Coleman","CLIENTE"
325,"dporter58@ma1l2u.biz","Nicholas Howe","CLIENTE"
326,"hatman84@ma1lbox.com","Marlene Edwards","CLIENTE"
327,"rchurch@somema1l.us","Roberta Cross","CLIENTE"
328,"akirk@ma1lbox.net","Helen Leblanc","CLIENTE"
329,"havekeys@b1zmail.org","Dylan Bryant","CLIENTE"
330,"whiledad@hotma1l.biz","Jeff McCullough","CLIENTE"
331,"bookslist@gma1l.net","Melinda Goff","CLIENTE"
332,"kdunn@gma1l.net","Stacey Crawford","CLIENTE"
333,"mrich@hotma1l.net","Sabrina Hendrix","CLIENTE"
334,"cameto@somema1l.biz","Clint Townsend","CLIENTE"
335,"astrickland@ma1l2u.co.uk","Lindsay Chen","CLIENTE"
336,"visionsfrom@hotma1l.net","Danny McCarthy","CLIENTE"
337,"havewhat14@yah00.biz","Ronda Warner","CLIENTE"
338,"computerso@gma1l.net","Dorothy Charles","CLIENTE"
339,"syoung@b1zmail.biz","Brandi Sawyer","CLIENTE"
340,"sruiz@yah00.biz","Johnny Haney","CLIENTE"
341,"lmorin@b1zmail.us","Francis Vincent","CLIENTE"
342,"frusso18@gma1l.org","Father Davis","CLIENTE"
343,"ofis@ma1l2u.net","Kelsey Stephenson","CLIENTE"
344,"dwoodward@ma1l2u.us","Kendra Garner","CLIENTE"
345,"numberswe13@yah00.biz","Melody Witt","CLIENTE"
346,"visionsrescue@hotma1l.net","Terri Justice","CLIENTE"
347,"crashits59@ma1l2u.net","Alex Farmer","CLIENTE"
348,"itthey@ma1l2u.com","Nina Sandoval","CLIENTE"
349,"slane@ma1l2u.org","Kaitlyn McKay","CLIENTE"
350,"avelez24@hotma1l.com","Alice Evans","CLIENTE"
351,"tshaw@ma1lbox.biz","Monica Pena","CLIENTE"
352,"tosuspense@gma1l.org","Leonard Cohen","CLIENTE"
353,"epollard@hotma1l.co.uk","Cathy Daniel","CLIENTE"
354,"thewicket@ma1lbox.org","Cathy Johnson","CLIENTE"
355,"ddunn@hotma1l.us","Katrina Espinoza","CLIENTE"
356,"mnoble@somema1l.net","Kelsey Roach","CLIENTE"
357,"fgreer@somema1l.org","Kristen Ross","CLIENTE"
358,"inhot@gma1l.biz","Sara Franklin","CLIENTE"
359,"roomgenerated@ma1l2u.us","Donald Sullivan","CLIENTE"
969,"tosomething@everyma1l.org","Doug Cervantes","CLIENTE"
970,"bpetersen13@everyma1l.biz","Bryan Koch","CLIENTE"
971,"leaderwicket@gma1l.net","Lawrence Ramirez","CLIENTE"
972,"ini@everyma1l.net","Lawrence Cross","CLIENTE"
973,"numbersin@ma1lbox.org","Skyler Sharp","CLIENTE"
974,"badlyor maybe62@everyma1l.biz","Alissa Wiley","CLIENTE"
975,"kbrewer20@ma1lbox.co.uk","Lynn Perkins","CLIENTE"
976,"jlawrence15@ma1lbox.co.uk","Ted Hawkins","CLIENTE"
977,"willwrong@ma1lbox.us","Rochelle Mays","CLIENTE"
978,"sjames36@everyma1l.us","Hunter Pena","CLIENTE"
979,"illworld@ma1lbox.biz","Evelyn Gross","CLIENTE"
980,"jmarquez@ma1lbox.com","Ron Castro","CLIENTE"
981,"mosborn@hotma1l.biz","Johnathan Mann","CLIENTE"
982,"cavesbanging@yah00.org","Terry Garner","CLIENTE"
983,"lrosales@ma1lbox.co.uk","Melissa Dawson","CLIENTE"
984,"computerare48@gma1l.net","Marsha Watkins","CLIENTE"
985,"hatmy@ma1lbox.net","Lacey Good","CLIENTE"
986,"djacobs46@ma1l2u.co.uk","Rachel Contreras","CLIENTE"
987,"monsterworld23@yah00.co.uk","Jill Ford","CLIENTE"
988,"rsullivan@b1zmail.co.uk","Jake Cabrera","CLIENTE"
989,"wicketare@ma1l2u.org","Martin Hurley","CLIENTE"
990,"ballhat@everyma1l.net","Wyatt Burks","CLIENTE"
991,"headphonesbadly16@ma1l2u.com","Andrew Alexander","CLIENTE"
992,"tpeck@somema1l.net","Charlene Casey","CLIENTE"
993,"mhendrix@somema1l.us","Gene Porter","CLIENTE"
994,"ralston@ma1lbox.com","Louis Petersen","CLIENTE"
995,"generateddo@ma1l2u.net","Lindsay Jackson","CLIENTE"
996,"indays@gma1l.net","Robin Farmer","CLIENTE"
997,"dcarson@ma1l2u.biz","Max Peterson","CLIENTE"
998,"warphold@ma1l2u.co.uk","Lacey Stevenson","CLIENTE"
999,"mhinton@hotma1l.us","Charlene Carter","CLIENTE"
1000,"s.guzmanm@uniandes.edu.co","Sergio Guzmán","CLIENTE"
1001,"js.diaz@uniandes.edu.co","Sebastián Díaz","CLIENTE"
1002,"ja.gomez1@uniandes.edu.co","Jorge Gómez","CLIENTE"
1003,"jc.ruiz@uniandes.edu.co","Camilo Ruiz","CLIENTE"
1004,"jf.ramos@uniandes.edu.co","Felipe Ramos","CLIENTE"
1005,"m.neira10@uniandes.edu.co","Mauricio Neira","CLIENTE"
691,"jbell10@yah00.co.uk","Eddie Dickinson","CLIENTE"
692,"bangingpeople@b1zmail.com","Audrey Kaufman","CLIENTE"
693,"speedend@hotma1l.co.uk","Kelly Baldwin","CLIENTE"
694,"ecummings@ma1lbox.co.uk","Tia Chaney","CLIENTE"
695,"kmatthews@hotma1l.org","Steven Sawyer","CLIENTE"
696,"diedghost@yah00.com","Cheyenne Shannon","CLIENTE"
697,"msims@gma1l.biz","Jenna Massey","CLIENTE"
698,"khenderson@ma1lbox.us","Rhonda Pena","CLIENTE"
699,"rshepard@yah00.org","Louis Booker","CLIENTE"
700,"knash@gma1l.org","Eva Valenzuela","CLIENTE"
701,"jfarmer20@ma1lbox.us","Kenneth Cross","CLIENTE"
702,"wordstelevision@ma1l2u.com","Sue Tyler","CLIENTE"
703,"goodhat@ma1l2u.us","Stacy Hill","CLIENTE"
704,"dreamswords@hotma1l.org","Mandy Johnston","CLIENTE"
705,"tryingcame@yah00.us","Nathan Waters","CLIENTE"
706,"ssummers@yah00.org","Troy Farrell","CLIENTE"
707,"mmcclure@ma1l2u.org","Gage Shepard","CLIENTE"
708,"nwooten@somema1l.biz","Casey Kelley","CLIENTE"
709,"whatthey@ma1l2u.us","Robbie Todd","CLIENTE"
710,"boneal@everyma1l.co.uk","Julia Green","CLIENTE"
711,"badlyasked@everyma1l.biz","Phillip Christian","CLIENTE"
712,"onof83@ma1l2u.us","Trisha Strong","CLIENTE"
713,"rconrad55@everyma1l.com","Vincent Hubbard","CLIENTE"
714,"triggs68@gma1l.co.uk","Cindy Dawson","CLIENTE"
715,"somethingwas@hotma1l.net","Gary Greene","CLIENTE"
716,"or maybewaited@gma1l.co.uk","Trevor Fleming","CLIENTE"
717,"jcarrillo@ma1l2u.net","Everett Ayers","CLIENTE"
718,"tstein25@somema1l.us","Brad Cannon","CLIENTE"
719,"wasdays31@ma1lbox.com","Norman Howell","CLIENTE"
720,"silldreams@b1zmail.net","Nancy Wilkinson","CLIENTE"
721,"tlamb@somema1l.org","Sarah May","CLIENTE"
722,"peoplewicket@yah00.org","Thomas Oneil","CLIENTE"
723,"cbuck@everyma1l.com","George Hays","CLIENTE"
724,"davery@gma1l.co.uk","Richard Woodard","CLIENTE"
725,"tunderwood@gma1l.org","Antonio Camacho","CLIENTE"
726,"cavesred90@b1zmail.net","Terry Oliver","CLIENTE"
727,"mholland@ma1lbox.org","Karen McDaniel","CLIENTE"
728,"orcaves@b1zmail.us","Lewis Santiago","CLIENTE"
729,"withit@somema1l.co.uk","Scott Clements","CLIENTE"
730,"numbersno@everyma1l.net","Loretta Rodriquez","CLIENTE"
731,"treesdied@ma1lbox.com","Vanessa Morgan","CLIENTE"
732,"shouldsecretly74@b1zmail.biz","Chastity Cox","CLIENTE"
733,"jcarson@b1zmail.org","Russ Mack","CLIENTE"
734,"gchen55@yah00.biz","Brian Taylor","CLIENTE"
735,"smcclain@somema1l.com","Troy Snow","CLIENTE"
736,"jrosario@ma1lbox.org","Audrey Wiggins","CLIENTE"
737,"acalhoun@everyma1l.co.uk","Jessie Harper","CLIENTE"
738,"shanson@ma1lbox.co.uk","Scott Crawford","CLIENTE"
739,"jvazquez@b1zmail.net","Betty Serrano","CLIENTE"
740,"lightwe@everyma1l.us","Chase Singleton","CLIENTE"
741,"booksthrow@yah00.co.uk","Melanie Bauer","CLIENTE"
742,"jgilliam@everyma1l.net","Jay Manning","CLIENTE"
743,"cshepard@everyma1l.biz","Mark Nunez","CLIENTE"
744,"crashto@everyma1l.com","Elaine Velasquez","CLIENTE"
745,"aherrera@b1zmail.net","Paula Hull","CLIENTE"
746,"sofawhat@somema1l.org","Curtis Mason","CLIENTE"
747,"handledlock@somema1l.us","Austin Booth","CLIENTE"
748,"rjones0@ma1lbox.co.uk","Madison Turner","CLIENTE"
749,"rweiss@ma1lbox.co.uk","Robin Todd","CLIENTE"
750,"dcote@b1zmail.org","Heather Bush","CLIENTE"
751,"areor@everyma1l.co.uk","Rhonda Santos","CLIENTE"
752,"abouthatch49@ma1l2u.co.uk","Melinda Bernard","CLIENTE"
753,"dvelez@ma1l2u.com","Dave Barron","CLIENTE"
754,"whileor@everyma1l.net","Monica McKay","CLIENTE"
755,"dreamsdiscovered@ma1lbox.org","Ricky Fuller","CLIENTE"
756,"dodo@b1zmail.org","Nicole Roach","CLIENTE"
757,"kalbert@hotma1l.co.uk","Tristan Decker","CLIENTE"
758,"jburt@hotma1l.co.uk","Derrick Jacobson","CLIENTE"
759,"jmunoz@hotma1l.us","Dennis Larson","CLIENTE"
760,"whitesomething@hotma1l.net","Seth Mullins","CLIENTE"
761,"jperez@everyma1l.org","Barb Franco","CLIENTE"
762,"ajackson98@yah00.co.uk","Chasity Jensen","CLIENTE"
763,"whata@somema1l.biz","Benjamin Hickman","CLIENTE"
764,"kmcclure@hotma1l.us","Christian Santana","CLIENTE"
765,"tolost@yah00.org","Joel Hunt","CLIENTE"
766,"dgonzalez@somema1l.co.uk","Cameron Webster","CLIENTE"
767,"tbell@hotma1l.us","Beth Horne","CLIENTE"
768,"vhenson30@gma1l.com","Molly Lane","CLIENTE"
769,"dadhat@gma1l.biz","Jimmy Hutchinson","CLIENTE"
770,"wordsto4@gma1l.net","Jeannie Higgins","CLIENTE"
771,"adejesus55@gma1l.net","Brian Morin","CLIENTE"
772,"apeters@somema1l.us","Angel Graham","CLIENTE"
773,"numbershandled@b1zmail.co.uk","Carmen Nguyen","CLIENTE"
774,"nvance@ma1lbox.org","Derek Sullivan","CLIENTE"
775,"islandno@hotma1l.com","Sam Watkins","CLIENTE"
776,"dkidd72@b1zmail.org","Rhonda Pitts","CLIENTE"
777,"onis@somema1l.co.uk","Troy Colon","CLIENTE"
778,"ahumphrey@everyma1l.biz","Shawna Cohen","CLIENTE"
779,"fromwill@ma1l2u.com","Brady Santos","CLIENTE"
780,"sitssecretly@somema1l.us","Ginger Ashley","CLIENTE"
781,"keyscaves@everyma1l.biz","Colton Cross","CLIENTE"
782,"manfrom@gma1l.biz","Brandi Meadows","CLIENTE"
783,"nwaller@somema1l.com","Duane Boyer","CLIENTE"
784,"rescuecomputer68@yah00.biz","Anita McDaniel","CLIENTE"
785,"eclay@b1zmail.net","Brad McKay","CLIENTE"
786,"jlester47@b1zmail.com","Sandy Gill","CLIENTE"
787,"cabbott25@everyma1l.us","Norma Puckett","CLIENTE"
788,"bmccall95@everyma1l.org","Kelly Love","CLIENTE"
789,"lhayes73@hotma1l.com","Catherine Vincent","CLIENTE"
790,"numbersas@gma1l.co.uk","Laken Harvey","CLIENTE"
791,"icold@hotma1l.org","Patty Lambert","CLIENTE"
792,"willhatch@yah00.org","Bobbie Hart","CLIENTE"
793,"orlight@hotma1l.net","Melissa Baldwin","CLIENTE"
794,"shensley@ma1lbox.net","Dana James","CLIENTE"
795,"rabbiton@yah00.us","Virginia Hoover","CLIENTE"
796,"throughmy91@gma1l.com","Breanna Pittman","CLIENTE"
797,"pullwhat@ma1l2u.co.uk","Darla Perry","CLIENTE"
798,"rvan halen@yah00.co.uk","Tyler Spears","CLIENTE"
799,"theylight@hotma1l.com","Sheila Richmond","CLIENTE"
800,"rbanks38@b1zmail.net","Randy Diaz","CLIENTE"
801,"lotsto@ma1lbox.us","Diana Trujillo","CLIENTE"
802,"mancomputer@gma1l.net","Cassandra Middleton","CLIENTE"
803,"sopique63@somema1l.us","Victoria Ball","CLIENTE"
804,"findfind@everyma1l.co.uk","Madison Soto","CLIENTE"
805,"bburks@ma1l2u.org","Brenda Harding","CLIENTE"
806,"hatkinson@yah00.com","Mary White","CLIENTE"
807,"withhat65@gma1l.us","Angela Stout","CLIENTE"
808,"mpowers@everyma1l.net","Cory Holman","CLIENTE"
809,"sbeach@hotma1l.com","Alyssa Dickinson","CLIENTE"
810,"lhamilton@ma1l2u.biz","Harold Lott","CLIENTE"
811,"thisthe79@gma1l.biz","Joe Tanner","CLIENTE"
812,"willthe@gma1l.net","Adam Black","CLIENTE"
813,"mvalentine@everyma1l.net","Jacob Ratliff","CLIENTE"
814,"swest@yah00.co.uk","Ron Hurley","CLIENTE"
815,"onhold@ma1lbox.co.uk","Zachary Sweet","CLIENTE"
816,"groy@ma1l2u.org","Heather Santos","CLIENTE"
817,"lmolina85@everyma1l.co.uk","Monica Walter","CLIENTE"
818,"dcurtis14@ma1lbox.com","Levi Stewart","CLIENTE"
819,"dbooker@hotma1l.org","Adam Rasmussen","CLIENTE"
820,"jparrish@yah00.com","Julie Booker","CLIENTE"
821,"incold@gma1l.us","Destiny Flynn","CLIENTE"
822,"tryingmy@somema1l.co.uk","Howard Stuart","CLIENTE"
823,"whathat@ma1l2u.biz","Johnny Wilkerson","CLIENTE"
824,"waitedroom@yah00.biz","Bradley Hancock","CLIENTE"
825,"muchit@everyma1l.co.uk","Chase Brewer","CLIENTE"
826,"muchtrying@everyma1l.net","Tara Christensen","CLIENTE"
827,"soa4@hotma1l.co.uk","Rick Stone","CLIENTE"
828,"jdorsey@ma1l2u.org","Nicholas Haney","CLIENTE"
829,"inthey@ma1lbox.us","Nina Strong","CLIENTE"
830,"ldaugherty@ma1lbox.org","Penny Cotton","CLIENTE"
831,"planeghost@b1zmail.net","Chastity Guerrero","CLIENTE"
832,"vhorton@yah00.com","Skyler Simpson","CLIENTE"
833,"crich@ma1l2u.com","Faith Ayala","CLIENTE"
834,"mmorrison@everyma1l.org","Tonya Ratliff","CLIENTE"
835,"dadwhile@b1zmail.org","Jenny Kinney","CLIENTE"
836,"rharvey@b1zmail.biz","Sierra Espinoza","CLIENTE"
837,"agould@ma1lbox.us","Christina Ryan","CLIENTE"
838,"dvelazquez@yah00.co.uk","Lori Talley","CLIENTE"
839,"tbyers@ma1l2u.biz","Ann Kelly","CLIENTE"
840,"jhiggins@ma1lbox.co.uk","Janet Prince","CLIENTE"
841,"camehandled@yah00.org","Troy Wall","CLIENTE"
842,"tprince@yah00.net","Caleb Mathews","CLIENTE"
843,"ehendrix@everyma1l.co.uk","Audrey Mosley","CLIENTE"
844,"wornending@ma1l2u.co.uk","Jamie Guerrero","CLIENTE"
845,"epowers9@somema1l.us","Ron Combs","CLIENTE"
846,"ehobbs@somema1l.org","Connie Hamilton","CLIENTE"
847,"smcdaniel@ma1lbox.biz","Molly Luna","CLIENTE"
848,"mbarton@gma1l.co.uk","Pete Macdonald","CLIENTE"
849,"bgilmore@gma1l.biz","Dawn Nelson","CLIENTE"
850,"btaylor@ma1lbox.co.uk","Kendra Ramsey","CLIENTE"
851,"svega@gma1l.net","Dana Stone","CLIENTE"
852,"jwhitney@somema1l.biz","Donna Ray","CLIENTE"
853,"mdaniel@b1zmail.org","Russell Combs","CLIENTE"
854,"dsingleton@ma1lbox.co.uk","Wanda Curry","CLIENTE"
855,"kvelasquez@everyma1l.net","Roy Cameron","CLIENTE"
856,"jhinton@yah00.us","Mary ann Richard","CLIENTE"
857,"phester@hotma1l.org","Lee Kirkland","CLIENTE"
858,"efarley@gma1l.org","Thomas Burks","CLIENTE"
859,"islandwindow35@everyma1l.net","Amanda Gutierrez","CLIENTE"
860,"cwatts@gma1l.org","William Sawyer","CLIENTE"
861,"whitemany@everyma1l.co.uk","Alicia Hahn","CLIENTE"
862,"gmerrill@ma1lbox.org","Ethan Wynn","CLIENTE"
863,"ngillespie@everyma1l.org","Christy Grimes","CLIENTE"
864,"gcopeland95@gma1l.org","Jack Forbes","CLIENTE"
865,"smokefound@gma1l.us","Gary Campos","CLIENTE"
866,"smiranda@somema1l.org","Eric Bernard","CLIENTE"
867,"jmullins@everyma1l.com","Trent Summers","CLIENTE"
868,"firewith26@b1zmail.us","Brandon Griffin","CLIENTE"
869,"awalls@ma1l2u.com","Heather Simon","CLIENTE"
870,"hhobbs@somema1l.biz","Jean Warren","CLIENTE"
871,"pmontoya@everyma1l.com","Bradley Stone","CLIENTE"
872,"ibadly14@somema1l.org","Kelsey Mueller","CLIENTE"
873,"isthis@gma1l.biz","Krista Charles","CLIENTE"
874,"lotsnumbers@yah00.us","Betty Sullivan","CLIENTE"
875,"vwatkins@gma1l.us","Monica Pittman","CLIENTE"
876,"hgreer@b1zmail.co.uk","Chasity Mejia","CLIENTE"
877,"shepherdkeys@somema1l.com","Steven Porter","CLIENTE"
878,"monsterfind@ma1l2u.net","Mike Hickman","CLIENTE"
879,"tsavage@ma1l2u.co.uk","Amanda Hahn","CLIENTE"
880,"rlamb@b1zmail.org","Gary Cantu","CLIENTE"
881,"akeller@gma1l.us","Toni Barlow","CLIENTE"
882,"jtyler@somema1l.co.uk","Harry Baird","CLIENTE"
883,"aresill0@somema1l.us","Bob Joyce","CLIENTE"
884,"docame@gma1l.co.uk","Courtney Bean","CLIENTE"
885,"rewing@ma1lbox.biz","Tom Spears","CLIENTE"
886,"magneticis@gma1l.net","Bob Bauer","CLIENTE"
887,"dohot2@yah00.us","Craig Newton","CLIENTE"
888,"bangingheadphones@hotma1l.org","Greg Clay","CLIENTE"
889,"bhoffman@hotma1l.us","Charlotte Burgess","CLIENTE"
890,"thartman@hotma1l.us","Natasha Hodge","CLIENTE"
891,"onghost@everyma1l.co.uk","Billie House","CLIENTE"
892,"televisionis@everyma1l.us","Chastity Compton","CLIENTE"
893,"kbuckner@hotma1l.biz","Debbie Richardson","CLIENTE"
894,"rbowen@ma1l2u.biz","Ray Sims","CLIENTE"
895,"whenabout@yah00.net","Ted Logan","CLIENTE"
896,"vparsons@b1zmail.co.uk","Cynthia Joyner","CLIENTE"
897,"fsharp@somema1l.co.uk","Alice Guerra","CLIENTE"
898,"mslater3@everyma1l.co.uk","Colton Boyer","CLIENTE"
899,"bhayes81@gma1l.co.uk","Chuck Barrett","CLIENTE"
900,"havecaves@everyma1l.org","Lisa Marshall","CLIENTE"
901,"withending@everyma1l.biz","Dixie Camacho","CLIENTE"
902,"ssimpson49@everyma1l.us","Mother Hester","CLIENTE"
903,"sitscame58@ma1lbox.com","Jake Holland","CLIENTE"
904,"sidekickdreams@hotma1l.org","Gene Morales","CLIENTE"
905,"wanthid@yah00.biz","Diana Garcia","CLIENTE"
906,"monsterhave@yah00.biz","Richard Duncan","CLIENTE"
907,"hatchbooks@hotma1l.co.uk","Darlene Rosa","CLIENTE"
908,"endsto@b1zmail.org","Beth Brady","CLIENTE"
909,"cflynn@ma1l2u.com","Clifford Gross","CLIENTE"
910,"lighthot@hotma1l.co.uk","Joann Landry","CLIENTE"
911,"ofball@hotma1l.us","John Solis","CLIENTE"
912,"monstercode@yah00.co.uk","Tristan Mayer","CLIENTE"
913,"rfletcher@ma1l2u.org","Benjamin Ray","CLIENTE"
914,"whatit87@yah00.net","Grace Barry","CLIENTE"
915,"mythis@b1zmail.us","Thomas Pacheco","CLIENTE"
916,"hatwith@gma1l.biz","Charlie Nichols","CLIENTE"
917,"cgates@somema1l.net","Devin Shannon","CLIENTE"
918,"manwith@gma1l.co.uk","Mother Ward","CLIENTE"
919,"ifuentes@hotma1l.com","Jonathon Horne","CLIENTE"
920,"nwoodward@hotma1l.co.uk","Ronald Puckett","CLIENTE"
921,"withas@gma1l.net","Eugene Wade","CLIENTE"
922,"handledsmoke@yah00.com","Adam Bradford","CLIENTE"
923,"wbruce@ma1lbox.org","Brian Vaughn","CLIENTE"
924,"holdthey88@hotma1l.us","Ken Roman","CLIENTE"
925,"doend@somema1l.com","Michael Anderson","CLIENTE"
926,"shartman73@hotma1l.net","Jeffrey Blevins","CLIENTE"
927,"alwaysof@somema1l.us","Nathan Steele","CLIENTE"
928,"camesuspense@everyma1l.co.uk","Carl Larsen","CLIENTE"
929,"espence29@ma1l2u.biz","Danielle Hess","CLIENTE"
930,"librarysacrifice@yah00.biz","Samantha Craft","CLIENTE"
931,"piquemoved@somema1l.co.uk","Tiffany Kirkland","CLIENTE"
932,"sjoseph@somema1l.co.uk","Jeffery Compton","CLIENTE"
933,"aroberson99@somema1l.org","Joe Lott","CLIENTE"
934,"webspeed@everyma1l.biz","Douglas Yang","CLIENTE"
935,"textthey@somema1l.net","Harley Yates","CLIENTE"
936,"itprobably15@yah00.com","Jade Ramos","CLIENTE"
937,"driggs@yah00.co.uk","Brandy Rush","CLIENTE"
938,"smcintyre52@everyma1l.org","Brandy Weber","CLIENTE"
939,"sacrificefrom@ma1l2u.biz","Glenn Wiley","CLIENTE"
940,"lightmoved@ma1l2u.net","Jill Graves","CLIENTE"
941,"warppull@gma1l.biz","Benjamin Sims","CLIENTE"
942,"lkoch20@gma1l.net","Patty Austin","CLIENTE"
943,"aellis@b1zmail.org","Tara Morrison","CLIENTE"
944,"dmeyers@ma1l2u.com","Tessa Gates","CLIENTE"
945,"rlester@b1zmail.org","Beth Strong","CLIENTE"
946,"abouthandled@ma1l2u.org","Leah Lindsay","CLIENTE"
947,"tkramer24@hotma1l.com","Joe Ratliff","CLIENTE"
948,"jhale@somema1l.us","Beverly Duncan","CLIENTE"
949,"speedvisions@everyma1l.com","Shelly Dickerson","CLIENTE"
950,"dadtext@ma1l2u.co.uk","Dennis Workman","CLIENTE"
951,"isit@ma1lbox.com","Brandy Holland","CLIENTE"
952,"willboon@ma1lbox.co.uk","Renee Castillo","CLIENTE"
953,"assertwindow@b1zmail.com","Max English","CLIENTE"
954,"lmichael@yah00.net","Jennifer McKnight","CLIENTE"
955,"endswith@hotma1l.org","Brett Haney","CLIENTE"
956,"jball@b1zmail.biz","William Conway","CLIENTE"
957,"inends@ma1lbox.us","Jack Boyle","CLIENTE"
958,"shepherdmoved@ma1lbox.net","Wanda Vaughan","CLIENTE"
959,"smalone@somema1l.us","Mother Sellers","CLIENTE"
960,"roommuch12@hotma1l.com","Krista Cunningham","CLIENTE"
961,"hadman@everyma1l.us","Chastity Frazier","CLIENTE"
962,"wherethey21@somema1l.us","Fred Odonnell","CLIENTE"
963,"gsnow8@somema1l.org","Douglas Casey","CLIENTE"
964,"smerrill@gma1l.net","Rachael Black","CLIENTE"
965,"byates@b1zmail.co.uk","Jessica Calderon","CLIENTE"
966,"or maybespeed@hotma1l.biz","Vincent Silva","CLIENTE"
967,"itwith@everyma1l.biz","Douglas French","CLIENTE"
968,"dmiles@ma1l2u.biz","Tim Hampton","CLIENTE"
